Date,Fund ID,Equity Allocation,Fund Benchmark,Benchmark ID,Fund Description,Benchmark Description,Currency,SEDOL,MIC,symbol,MarketCapIndex,Weight
20251021,LSE80,80,LSETF 80% Benchmark,LSE80_LHMN34611 ,Vanguard Global Aggregate Bond UCITS ETF,Bloomberg Global Aggregate Float-Adjusted and Scaled,,,,LHMN34611,1.000000000,19.250000000
20251021,LSE80,80,LSETF 80% Benchmark,LSE80_LHMN21140,Vanguard USD Treasury Bond UCITS ETF,Bloomberg Global Aggregate - US Treasury Float Adjusted,,,,LHMN21140,13946993.226268001,0.279332053
20251021,LSE80,80,LSETF 80% Benchmark,LSE80_LHMN9913,Vanguard USD Corporate Bond UCITS ETF,Bloomberg Global Aggregate Corporate - United States Dollar,,,,LHMN9913,9047802.292978000,0.181210469
20251021,LSE80,80,LSETF 80% Benchmark,LSE80_LHMN21153,Vanguard UK Gilt UCITS ETF,Bloomberg Gilts Float Adjusted,,,,LHMN21153,1740240.792268000,0.034853751
20251021,LSE80,80,LSETF 80% Benchmark,LSE80_LHMN2004,Vanguard EUR Eurozone Government Bond UCITS ETF,Bloomberg Euro Aggregate Government - Treasury,,,,LHMN2004,9349743.001585251,0.187257774
20251021,LSE80,80,LSETF 80% Benchmark,LSE80_LHMN2002,Vanguard EUR Corporate Bond UCITS ETF,Bloomberg Euro Aggregate Credit - Corporate,,,,LHMN2002,3362569.889075550,0.067345953
20251021,LSE80,80,LSETF 80% Benchmark,LSE80_I00010,Vanguard FTSE All-World UCITS ETF,FTSE All-World,,,,I00010,1.000000000,19.250000000
20251021,LSE80,80,LSETF 80% Benchmark,LSE80_I01018,Vanguard FTSE Developed World UCITS ETF,FTSE All-World Developed,,,,I01018,82884236.668207005,19.250000000
20251021,LSE80,80,LSETF 80% Benchmark,LSE80_I01270,Vanguard FTSE Emerging Markets UCITS ETF,FTSE All-World Emerging,,,,I01270,9561577.455759000,6.283311321
20251021,LSE80,80,LSETF 80% Benchmark,LSE80_I00586,Vanguard FTSE North America UCITS ETF,FTSE All-World North America,,,,I00586,60595183.331274003,19.250000000
20251021,LSE80,80,LSETF 80% Benchmark,LSE80_I27049,Vanguard FTSE Developed Europe UCITS ETF,FTSE All-World Developed Europe,,,,I27049,13209202.782845000,5.626830433
20251021,LSE80,80,LSETF 80% Benchmark,LSE80_I26152,Vanguard FTSE Developed Asia Pacific ex Japan UCITS ETF,FTSE All-World Developed Asia Pacific x JP,,,,I26152,3587293.272103000,1.528108190
20251021,LSE80,80,LSETF 80% Benchmark,LSE80_180948,Vanguard FTSE Japan UCITS ETF,FTSE Japan,,,,180948,5280863.818156000,2.249532068
20251021,LSE80,80,LSETF 80% Benchmark,LSE80_SP50,Vanguard S&P 500 UCITS ETF,S&P 500,,,,SP50,57448566.773139603,6.562217988
20251021,LSE60,60,LSETF 60% Benchmark,LSE60_LHMN34611 ,Vanguard Global Aggregate Bond UCITS ETF,Bloomberg Global Aggregate Float-Adjusted and Scaled,,,,LHMN34611,1.000000000,19.250000000
20251021,LSE60,60,LSETF 60% Benchmark,LSE60_LHMN21140,Vanguard USD Treasury Bond UCITS ETF,Bloomberg Global Aggregate - US Treasury Float Adjusted,,,,LHMN21140,13946993.226268001,7.728186791
20251021,LSE60,60,LSETF 60% Benchmark,LSE60_LHMN9913,Vanguard USD Corporate Bond UCITS ETF,Bloomberg Global Aggregate Corporate - United States Dollar,,,,LHMN9913,9047802.292978000,5.013489648
20251021,LSE60,60,LSETF 60% Benchmark,LSE60_LHMN21153,Vanguard UK Gilt UCITS ETF,Bloomberg Gilts Float Adjusted,,,,LHMN21153,1740240.792268000,0.964287118
20251021,LSE60,60,LSETF 60% Benchmark,LSE60_LHMN2004,Vanguard EUR Eurozone Government Bond UCITS ETF,Bloomberg Euro Aggregate Government - Treasury,,,,LHMN2004,9349743.001585251,5.180798412
20251021,LSE60,60,LSETF 60% Benchmark,LSE60_LHMN2002,Vanguard EUR Corporate Bond UCITS ETF,Bloomberg Euro Aggregate Credit - Corporate,,,,LHMN2002,3362569.889075550,1.863238031
20251021,LSE60,60,LSETF 60% Benchmark,LSE60_I00010,Vanguard FTSE All-World UCITS ETF,FTSE All-World,,,,I00010,1.000000000,19.250000000
20251021,LSE60,60,LSETF 60% Benchmark,LSE60_I01018,Vanguard FTSE Developed World UCITS ETF,FTSE All-World Developed,,,,I01018,82884236.668207005,19.250000000
20251021,LSE60,60,LSETF 60% Benchmark,LSE60_I01270,Vanguard FTSE Emerging Markets UCITS ETF,FTSE All-World Emerging,,,,I01270,9561577.455759000,4.214731462
20251021,LSE60,60,LSETF 60% Benchmark,LSE60_I00586,Vanguard FTSE North America UCITS ETF,FTSE All-World North America,,,,I00586,60595183.331274003,12.669309246
20251021,LSE60,60,LSETF 60% Benchmark,LSE60_I27049,Vanguard FTSE Developed Europe UCITS ETF,FTSE All-World Developed Europe,,,,I27049,13209202.782845000,2.761795010
20251021,LSE60,60,LSETF 60% Benchmark,LSE60_I26152,Vanguard FTSE Developed Asia Pacific ex Japan UCITS ETF,FTSE All-World Developed Asia Pacific x JP,,,,I26152,3587293.272103000,0.750035322
20251021,LSE60,60,LSETF 60% Benchmark,LSE60_180948,Vanguard FTSE Japan UCITS ETF,FTSE Japan,,,,180948,5280863.818156000,1.104128961
20251021,LSE60,60,LSETF 60% Benchmark,LSE60_SP50,Vanguard S&P 500 UCITS ETF,S&P 500,,,,SP50,57448566.773139603,0.000000000
20251021,LSE40,40,LSETF 40% Benchmark,LSE40_LHMN34611 ,Vanguard Global Aggregate Bond UCITS ETF,Bloomberg Global Aggregate Float-Adjusted and Scaled,,,,LHMN34611,1.000000000,19.250000000
20251021,LSE40,40,LSETF 40% Benchmark,LSE40_LHMN21140,Vanguard USD Treasury Bond UCITS ETF,Bloomberg Global Aggregate - US Treasury Float Adjusted,,,,LHMN21140,13946993.226268001,15.177041528
20251021,LSE40,40,LSETF 40% Benchmark,LSE40_LHMN9913,Vanguard USD Corporate Bond UCITS ETF,Bloomberg Global Aggregate Corporate - United States Dollar,,,,LHMN9913,9047802.292978000,9.845768827
20251021,LSE40,40,LSETF 40% Benchmark,LSE40_LHMN21153,Vanguard UK Gilt UCITS ETF,Bloomberg Gilts Float Adjusted,,,,LHMN21153,1740240.792268000,1.893720485
20251021,LSE40,40,LSETF 40% Benchmark,LSE40_LHMN2004,Vanguard EUR Eurozone Government Bond UCITS ETF,Bloomberg Euro Aggregate Government - Treasury,,,,LHMN2004,9349743.001585251,10.174339050
20251021,LSE40,40,LSETF 40% Benchmark,LSE40_LHMN2002,Vanguard EUR Corporate Bond UCITS ETF,Bloomberg Euro Aggregate Credit - Corporate,,,,LHMN2002,3362569.889075550,3.659130109
20251021,LSE40,40,LSETF 40% Benchmark,LSE40_I00010,Vanguard FTSE All-World UCITS ETF,FTSE All-World,,,,I00010,1.000000000,19.250000000
20251021,LSE40,40,LSETF 40% Benchmark,LSE40_I01018,Vanguard FTSE Developed World UCITS ETF,FTSE All-World Developed,,,,I01018,82884236.668207005,18.603848397
20251021,LSE40,40,LSETF 40% Benchmark,LSE40_I01270,Vanguard FTSE Emerging Markets UCITS ETF,FTSE All-World Emerging,,,,I01270,9561577.455759000,2.146151603
20251021,LSE40,40,LSETF 40% Benchmark,LSE40_I00586,Vanguard FTSE North America UCITS ETF,FTSE All-World North America,,,,I00586,60595183.331274003,0.000000000
20251021,LSE40,40,LSETF 40% Benchmark,LSE40_I27049,Vanguard FTSE Developed Europe UCITS ETF,FTSE All-World Developed Europe,,,,I27049,13209202.782845000,0.000000000
20251021,LSE40,40,LSETF 40% Benchmark,LSE40_I26152,Vanguard FTSE Developed Asia Pacific ex Japan UCITS ETF,FTSE All-World Developed Asia Pacific x JP,,,,I26152,3587293.272103000,0.000000000
20251021,LSE40,40,LSETF 40% Benchmark,LSE40_180948,Vanguard FTSE Japan UCITS ETF,FTSE Japan,,,,180948,5280863.818156000,0.000000000
20251021,LSE40,40,LSETF 40% Benchmark,LSE40_SP50,Vanguard S&P 500 UCITS ETF,S&P 500,,,,SP50,57448566.773139603,0.000000000
20251021,LSE20,20,LSETF 20% Benchmark,LSE20_LHMN34611 ,Vanguard Global Aggregate Bond UCITS ETF,Bloomberg Global Aggregate Float-Adjusted and Scaled,,,,LHMN34611,1.000000000,19.250000000
20251021,LSE20,20,LSETF 20% Benchmark,LSE20_LHMN21140,Vanguard USD Treasury Bond UCITS ETF,Bloomberg Global Aggregate - US Treasury Float Adjusted,,,,LHMN21140,13946993.226268001,19.250000000
20251021,LSE20,20,LSETF 20% Benchmark,LSE20_LHMN9913,Vanguard USD Corporate Bond UCITS ETF,Bloomberg Global Aggregate Corporate - United States Dollar,,,,LHMN9913,9047802.292978000,15.977791806
20251021,LSE20,20,LSETF 20% Benchmark,LSE20_LHMN21153,Vanguard UK Gilt UCITS ETF,Bloomberg Gilts Float Adjusted,,,,LHMN21153,1740240.792268000,3.073144635
20251021,LSE20,20,LSETF 20% Benchmark,LSE20_LHMN2004,Vanguard EUR Eurozone Government Bond UCITS ETF,Bloomberg Euro Aggregate Government - Treasury,,,,LHMN2004,9349743.001585251,16.510998172
20251021,LSE20,20,LSETF 20% Benchmark,LSE20_LHMN2002,Vanguard EUR Corporate Bond UCITS ETF,Bloomberg Euro Aggregate Credit - Corporate,,,,LHMN2002,3362569.889075550,5.938065387
20251021,LSE20,20,LSETF 20% Benchmark,LSE20_I00010,Vanguard FTSE All-World UCITS ETF,FTSE All-World,,,,I00010,1.000000000,19.250000000
20251021,LSE20,20,LSETF 20% Benchmark,LSE20_I01018,Vanguard FTSE Developed World UCITS ETF,FTSE All-World Developed,,,,I01018,82884236.668207005,0.672428255
20251021,LSE20,20,LSETF 20% Benchmark,LSE20_I01270,Vanguard FTSE Emerging Markets UCITS ETF,FTSE All-World Emerging,,,,I01270,9561577.455759000,0.077571745
20251021,LSE20,20,LSETF 20% Benchmark,LSE20_I00586,Vanguard FTSE North America UCITS ETF,FTSE All-World North America,,,,I00586,60595183.331274003,0.000000000
20251021,LSE20,20,LSETF 20% Benchmark,LSE20_I27049,Vanguard FTSE Developed Europe UCITS ETF,FTSE All-World Developed Europe,,,,I27049,13209202.782845000,0.000000000
20251021,LSE20,20,LSETF 20% Benchmark,LSE20_I26152,Vanguard FTSE Developed Asia Pacific ex Japan UCITS ETF,FTSE All-World Developed Asia Pacific x JP,,,,I26152,3587293.272103000,0.000000000
20251021,LSE20,20,LSETF 20% Benchmark,LSE20_180948,Vanguard FTSE Japan UCITS ETF,FTSE Japan,,,,180948,5280863.818156000,0.000000000
20251021,LSE20,20,LSETF 20% Benchmark,LSE20_SP50,Vanguard S&P 500 UCITS ETF,S&P 500,,,,SP50,57448566.773139603,0.000000000
