Date,Fund ID,Equity Allocation,Fund Benchmark,Benchmark ID,Fund Description,Benchmark Description,Currency,SEDOL,MIC,symbol,MarketCapIndex,Weight
20251022,LSE80,80,LSETF 80% Benchmark,LSE80_LHMN34611 ,Vanguard Global Aggregate Bond UCITS ETF,Bloomberg Global Aggregate Float-Adjusted and Scaled,,,,LHMN34611,1.000000000,19.250000000
20251022,LSE80,80,LSETF 80% Benchmark,LSE80_LHMN21140,Vanguard USD Treasury Bond UCITS ETF,Bloomberg Global Aggregate - US Treasury Float Adjusted,,,,LHMN21140,13946993.226268001,0.279411535
20251022,LSE80,80,LSETF 80% Benchmark,LSE80_LHMN9913,Vanguard USD Corporate Bond UCITS ETF,Bloomberg Global Aggregate Corporate - United States Dollar,,,,LHMN9913,9047802.292978000,0.181262032
20251022,LSE80,80,LSETF 80% Benchmark,LSE80_LHMN21153,Vanguard UK Gilt UCITS ETF,Bloomberg Gilts Float Adjusted,,,,LHMN21153,1740240.792268000,0.034863669
20251022,LSE80,80,LSETF 80% Benchmark,LSE80_LHMN2004,Vanguard EUR Eurozone Government Bond UCITS ETF,Bloomberg Euro Aggregate Government - Treasury,,,,LHMN2004,9341908.274466779,0.187154098
20251022,LSE80,80,LSETF 80% Benchmark,LSE80_LHMN2002,Vanguard EUR Corporate Bond UCITS ETF,Bloomberg Euro Aggregate Credit - Corporate,,,,LHMN2002,3359752.184086950,0.067308667
20251022,LSE80,80,LSETF 80% Benchmark,LSE80_I00010,Vanguard FTSE All-World UCITS ETF,FTSE All-World,,,,I00010,1.000000000,19.250000000
20251022,LSE80,80,LSETF 80% Benchmark,LSE80_I01018,Vanguard FTSE Developed World UCITS ETF,FTSE All-World Developed,,,,I01018,82884236.668207005,19.250000000
20251022,LSE80,80,LSETF 80% Benchmark,LSE80_I01270,Vanguard FTSE Emerging Markets UCITS ETF,FTSE All-World Emerging,,,,I01270,9561577.455759000,6.283311321
20251022,LSE80,80,LSETF 80% Benchmark,LSE80_I00586,Vanguard FTSE North America UCITS ETF,FTSE All-World North America,,,,I00586,60595183.331274003,19.250000000
20251022,LSE80,80,LSETF 80% Benchmark,LSE80_I27049,Vanguard FTSE Developed Europe UCITS ETF,FTSE All-World Developed Europe,,,,I27049,13209202.782845000,5.626830433
20251022,LSE80,80,LSETF 80% Benchmark,LSE80_I26152,Vanguard FTSE Developed Asia Pacific ex Japan UCITS ETF,FTSE All-World Developed Asia Pacific x JP,,,,I26152,3587293.272103000,1.528108190
20251022,LSE80,80,LSETF 80% Benchmark,LSE80_180948,Vanguard FTSE Japan UCITS ETF,FTSE Japan,,,,180948,5280863.818156000,2.249532068
20251022,LSE80,80,LSETF 80% Benchmark,LSE80_SP50,Vanguard S&P 500 UCITS ETF,S&P 500,,,,SP50,57448566.773139603,6.562217988
20251022,LSE60,60,LSETF 60% Benchmark,LSE60_LHMN34611 ,Vanguard Global Aggregate Bond UCITS ETF,Bloomberg Global Aggregate Float-Adjusted and Scaled,,,,LHMN34611,1.000000000,19.250000000
20251022,LSE60,60,LSETF 60% Benchmark,LSE60_LHMN21140,Vanguard USD Treasury Bond UCITS ETF,Bloomberg Global Aggregate - US Treasury Float Adjusted,,,,LHMN21140,13946993.226268001,7.730385809
20251022,LSE60,60,LSETF 60% Benchmark,LSE60_LHMN9913,Vanguard USD Corporate Bond UCITS ETF,Bloomberg Global Aggregate Corporate - United States Dollar,,,,LHMN9913,9047802.292978000,5.014916213
20251022,LSE60,60,LSETF 60% Benchmark,LSE60_LHMN21153,Vanguard UK Gilt UCITS ETF,Bloomberg Gilts Float Adjusted,,,,LHMN21153,1740240.792268000,0.964561501
20251022,LSE60,60,LSETF 60% Benchmark,LSE60_LHMN2004,Vanguard EUR Eurozone Government Bond UCITS ETF,Bloomberg Euro Aggregate Government - Treasury,,,,LHMN2004,9341908.274466779,5.177930037
20251022,LSE60,60,LSETF 60% Benchmark,LSE60_LHMN2002,Vanguard EUR Corporate Bond UCITS ETF,Bloomberg Euro Aggregate Credit - Corporate,,,,LHMN2002,3359752.184086950,1.862206440
20251022,LSE60,60,LSETF 60% Benchmark,LSE60_I00010,Vanguard FTSE All-World UCITS ETF,FTSE All-World,,,,I00010,1.000000000,19.250000000
20251022,LSE60,60,LSETF 60% Benchmark,LSE60_I01018,Vanguard FTSE Developed World UCITS ETF,FTSE All-World Developed,,,,I01018,82884236.668207005,19.250000000
20251022,LSE60,60,LSETF 60% Benchmark,LSE60_I01270,Vanguard FTSE Emerging Markets UCITS ETF,FTSE All-World Emerging,,,,I01270,9561577.455759000,4.214731462
20251022,LSE60,60,LSETF 60% Benchmark,LSE60_I00586,Vanguard FTSE North America UCITS ETF,FTSE All-World North America,,,,I00586,60595183.331274003,12.669309246
20251022,LSE60,60,LSETF 60% Benchmark,LSE60_I27049,Vanguard FTSE Developed Europe UCITS ETF,FTSE All-World Developed Europe,,,,I27049,13209202.782845000,2.761795010
20251022,LSE60,60,LSETF 60% Benchmark,LSE60_I26152,Vanguard FTSE Developed Asia Pacific ex Japan UCITS ETF,FTSE All-World Developed Asia Pacific x JP,,,,I26152,3587293.272103000,0.750035322
20251022,LSE60,60,LSETF 60% Benchmark,LSE60_180948,Vanguard FTSE Japan UCITS ETF,FTSE Japan,,,,180948,5280863.818156000,1.104128961
20251022,LSE60,60,LSETF 60% Benchmark,LSE60_SP50,Vanguard S&P 500 UCITS ETF,S&P 500,,,,SP50,57448566.773139603,0.000000000
20251022,LSE40,40,LSETF 40% Benchmark,LSE40_LHMN34611 ,Vanguard Global Aggregate Bond UCITS ETF,Bloomberg Global Aggregate Float-Adjusted and Scaled,,,,LHMN34611,1.000000000,19.250000000
20251022,LSE40,40,LSETF 40% Benchmark,LSE40_LHMN21140,Vanguard USD Treasury Bond UCITS ETF,Bloomberg Global Aggregate - US Treasury Float Adjusted,,,,LHMN21140,13946993.226268001,15.181360083
20251022,LSE40,40,LSETF 40% Benchmark,LSE40_LHMN9913,Vanguard USD Corporate Bond UCITS ETF,Bloomberg Global Aggregate Corporate - United States Dollar,,,,LHMN9913,9047802.292978000,9.848570393
20251022,LSE40,40,LSETF 40% Benchmark,LSE40_LHMN21153,Vanguard UK Gilt UCITS ETF,Bloomberg Gilts Float Adjusted,,,,LHMN21153,1740240.792268000,1.894259334
20251022,LSE40,40,LSETF 40% Benchmark,LSE40_LHMN2004,Vanguard EUR Eurozone Government Bond UCITS ETF,Bloomberg Euro Aggregate Government - Treasury,,,,LHMN2004,9341908.274466779,10.168705976
20251022,LSE40,40,LSETF 40% Benchmark,LSE40_LHMN2002,Vanguard EUR Corporate Bond UCITS ETF,Bloomberg Euro Aggregate Credit - Corporate,,,,LHMN2002,3359752.184086950,3.657104214
20251022,LSE40,40,LSETF 40% Benchmark,LSE40_I00010,Vanguard FTSE All-World UCITS ETF,FTSE All-World,,,,I00010,1.000000000,19.250000000
20251022,LSE40,40,LSETF 40% Benchmark,LSE40_I01018,Vanguard FTSE Developed World UCITS ETF,FTSE All-World Developed,,,,I01018,82884236.668207005,18.603848397
20251022,LSE40,40,LSETF 40% Benchmark,LSE40_I01270,Vanguard FTSE Emerging Markets UCITS ETF,FTSE All-World Emerging,,,,I01270,9561577.455759000,2.146151603
20251022,LSE40,40,LSETF 40% Benchmark,LSE40_I00586,Vanguard FTSE North America UCITS ETF,FTSE All-World North America,,,,I00586,60595183.331274003,0.000000000
20251022,LSE40,40,LSETF 40% Benchmark,LSE40_I27049,Vanguard FTSE Developed Europe UCITS ETF,FTSE All-World Developed Europe,,,,I27049,13209202.782845000,0.000000000
20251022,LSE40,40,LSETF 40% Benchmark,LSE40_I26152,Vanguard FTSE Developed Asia Pacific ex Japan UCITS ETF,FTSE All-World Developed Asia Pacific x JP,,,,I26152,3587293.272103000,0.000000000
20251022,LSE40,40,LSETF 40% Benchmark,LSE40_180948,Vanguard FTSE Japan UCITS ETF,FTSE Japan,,,,180948,5280863.818156000,0.000000000
20251022,LSE40,40,LSETF 40% Benchmark,LSE40_SP50,Vanguard S&P 500 UCITS ETF,S&P 500,,,,SP50,57448566.773139603,0.000000000
20251022,LSE20,20,LSETF 20% Benchmark,LSE20_LHMN34611 ,Vanguard Global Aggregate Bond UCITS ETF,Bloomberg Global Aggregate Float-Adjusted and Scaled,,,,LHMN34611,1.000000000,19.250000000
20251022,LSE20,20,LSETF 20% Benchmark,LSE20_LHMN21140,Vanguard USD Treasury Bond UCITS ETF,Bloomberg Global Aggregate - US Treasury Float Adjusted,,,,LHMN21140,13946993.226268001,19.250000000
20251022,LSE20,20,LSETF 20% Benchmark,LSE20_LHMN9913,Vanguard USD Corporate Bond UCITS ETF,Bloomberg Global Aggregate Corporate - United States Dollar,,,,LHMN9913,9047802.292978000,15.985037634
20251022,LSE20,20,LSETF 20% Benchmark,LSE20_LHMN21153,Vanguard UK Gilt UCITS ETF,Bloomberg Gilts Float Adjusted,,,,LHMN21153,1740240.792268000,3.074538286
20251022,LSE20,20,LSETF 20% Benchmark,LSE20_LHMN2004,Vanguard EUR Eurozone Government Bond UCITS ETF,Bloomberg Euro Aggregate Government - Treasury,,,,LHMN2004,9341908.274466779,16.504643946
20251022,LSE20,20,LSETF 20% Benchmark,LSE20_LHMN2002,Vanguard EUR Corporate Bond UCITS ETF,Bloomberg Euro Aggregate Credit - Corporate,,,,LHMN2002,3359752.184086950,5.935780134
20251022,LSE20,20,LSETF 20% Benchmark,LSE20_I00010,Vanguard FTSE All-World UCITS ETF,FTSE All-World,,,,I00010,1.000000000,19.250000000
20251022,LSE20,20,LSETF 20% Benchmark,LSE20_I01018,Vanguard FTSE Developed World UCITS ETF,FTSE All-World Developed,,,,I01018,82884236.668207005,0.672428255
20251022,LSE20,20,LSETF 20% Benchmark,LSE20_I01270,Vanguard FTSE Emerging Markets UCITS ETF,FTSE All-World Emerging,,,,I01270,9561577.455759000,0.077571745
20251022,LSE20,20,LSETF 20% Benchmark,LSE20_I00586,Vanguard FTSE North America UCITS ETF,FTSE All-World North America,,,,I00586,60595183.331274003,0.000000000
20251022,LSE20,20,LSETF 20% Benchmark,LSE20_I27049,Vanguard FTSE Developed Europe UCITS ETF,FTSE All-World Developed Europe,,,,I27049,13209202.782845000,0.000000000
20251022,LSE20,20,LSETF 20% Benchmark,LSE20_I26152,Vanguard FTSE Developed Asia Pacific ex Japan UCITS ETF,FTSE All-World Developed Asia Pacific x JP,,,,I26152,3587293.272103000,0.000000000
20251022,LSE20,20,LSETF 20% Benchmark,LSE20_180948,Vanguard FTSE Japan UCITS ETF,FTSE Japan,,,,180948,5280863.818156000,0.000000000
20251022,LSE20,20,LSETF 20% Benchmark,LSE20_SP50,Vanguard S&P 500 UCITS ETF,S&P 500,,,,SP50,57448566.773139603,0.000000000
