Date,Fund ID,Equity Allocation,Fund Benchmark ,Benchmark ID,Fund Description,Benchmark Description,symbol,MarketCapIndex,Weight
20250821,LSE80,80,LSETF 80% Benchmark,LSE80_LHMN34611 ,Vanguard Global Aggregate Bond UCITS ETF,Bloomberg Global Aggregate Float-Adjusted and Scaled,LHMN34611,,19.250000000
20250821,LSE80,80,LSETF 80% Benchmark,LSE80_LHMN21140,Vanguard USD Treasury Bond UCITS ETF,Bloomberg Global Aggregate - US Treasury Float Adjusted,LHMN21140,13383929.763870999,0.276422791
20250821,LSE80,80,LSETF 80% Benchmark,LSE80_LHMN9913,Vanguard USD Corporate Bond UCITS ETF,Bloomberg Global Aggregate Corporate - United States Dollar,LHMN9913,8782719.665023999,0.181392455
20250821,LSE80,80,LSETF 80% Benchmark,LSE80_LHMN21153,Vanguard UK Gilt UCITS ETF,Bloomberg Gilts Float Adjusted,LHMN21153,1665438.206906000,0.034396854
20250821,LSE80,80,LSETF 80% Benchmark,LSE80_LHMN2004,Vanguard EUR Eurozone Government Bond UCITS ETF,Bloomberg Euro Aggregate Government - Treasury,LHMN2004,9138954.134945670,0.188749885
20250821,LSE80,80,LSETF 80% Benchmark,LSE80_LHMN2002,Vanguard EUR Corporate Bond UCITS ETF,Bloomberg Euro Aggregate Credit - Corporate,LHMN2002,3342705.377819240,0.069038015
20250821,LSE80,80,LSETF 80% Benchmark,LSE80_I00010,Vanguard FTSE All-World UCITS ETF,FTSE All-World,I00010,87560782.439821005,19.250000000
20250821,LSE80,80,LSETF 80% Benchmark,LSE80_I01018,Vanguard FTSE Developed World UCITS ETF,FTSE All-World Developed,I01018,78748805.607554004,19.250000000
20250821,LSE80,80,LSETF 80% Benchmark,LSE80_I01270,Vanguard FTSE Emerging Markets UCITS ETF,FTSE All-World Emerging,I01270,8811976.832266999,6.113782651
20250821,LSE80,80,LSETF 80% Benchmark,LSE80_I00586,Vanguard FTSE North America UCITS ETF,FTSE All-World North America,I00586,57300667.070952997,19.250000000
20250821,LSE80,80,LSETF 80% Benchmark,LSE80_I27049,Vanguard FTSE Developed Europe UCITS ETF,FTSE All-World Developed Europe,I27049,12900321.198573999,5.810210767
20250821,LSE80,80,LSETF 80% Benchmark,LSE80_I26152,Vanguard FTSE Developed Asia Pacific ex Japan UCITS ETF,FTSE All-World Developed Asia Pacific x JP,I26152,3273425.566649000,1.474327048
20250821,LSE80,80,LSETF 80% Benchmark,LSE80_180948,Vanguard FTSE Japan UCITS ETF,FTSE Japan,180948,5093057.828239000,2.293876174
20250821,LSE80,80,LSETF 80% Benchmark,LSE80_SP50,Vanguard S&P 500 UCITS ETF,S&P 500,SP50,53995577.883693300,6.557803360
20250821,LSE60,60,LSETF 60% Benchmark,LSE60_LHMN34611 ,Vanguard Global Aggregate Bond UCITS ETF,Bloomberg Global Aggregate Float-Adjusted and Scaled,LHMN34611,,19.250000000
20250821,LSE60,60,LSETF 60% Benchmark,LSE60_LHMN21140,Vanguard USD Treasury Bond UCITS ETF,Bloomberg Global Aggregate - US Treasury Float Adjusted,LHMN21140,13383929.763870999,7.647697206
20250821,LSE60,60,LSETF 60% Benchmark,LSE60_LHMN9913,Vanguard USD Corporate Bond UCITS ETF,Bloomberg Global Aggregate Corporate - United States Dollar,LHMN9913,8782719.665023999,5.018524591
20250821,LSE60,60,LSETF 60% Benchmark,LSE60_LHMN21153,Vanguard UK Gilt UCITS ETF,Bloomberg Gilts Float Adjusted,LHMN21153,1665438.206906000,0.951646291
20250821,LSE60,60,LSETF 60% Benchmark,LSE60_LHMN2004,Vanguard EUR Eurozone Government Bond UCITS ETF,Bloomberg Euro Aggregate Government - Treasury,LHMN2004,9138954.134945670,5.222080154
20250821,LSE60,60,LSETF 60% Benchmark,LSE60_LHMN2002,Vanguard EUR Corporate Bond UCITS ETF,Bloomberg Euro Aggregate Credit - Corporate,LHMN2002,3342705.377819240,1.910051758
20250821,LSE60,60,LSETF 60% Benchmark,LSE60_I00010,Vanguard FTSE All-World UCITS ETF,FTSE All-World,I00010,87560782.439821005,19.250000000
20250821,LSE60,60,LSETF 60% Benchmark,LSE60_I01018,Vanguard FTSE Developed World UCITS ETF,FTSE All-World Developed,I01018,78748805.607554004,19.250000000
20250821,LSE60,60,LSETF 60% Benchmark,LSE60_I01270,Vanguard FTSE Emerging Markets UCITS ETF,FTSE All-World Emerging,I01270,8811976.832266999,4.101014700
20250821,LSE60,60,LSETF 60% Benchmark,LSE60_I00586,Vanguard FTSE North America UCITS ETF,FTSE All-World North America,I00586,57300667.070952997,12.689392225
20250821,LSE60,60,LSETF 60% Benchmark,LSE60_I27049,Vanguard FTSE Developed Europe UCITS ETF,FTSE All-World Developed Europe,I27049,12900321.198573999,2.856812039
20250821,LSE60,60,LSETF 60% Benchmark,LSE60_I26152,Vanguard FTSE Developed Asia Pacific ex Japan UCITS ETF,FTSE All-World Developed Asia Pacific x JP,I26152,3273425.566649000,0.724909204
20250821,LSE60,60,LSETF 60% Benchmark,LSE60_180948,Vanguard FTSE Japan UCITS ETF,FTSE Japan,180948,5093057.828239000,1.127871833
20250821,LSE60,60,LSETF 60% Benchmark,LSE60_SP50,Vanguard S&P 500 UCITS ETF,S&P 500,SP50,53995577.883693300,0.000000000
20250821,LSE40,40,LSETF 40% Benchmark,LSE40_LHMN34611 ,Vanguard Global Aggregate Bond UCITS ETF,Bloomberg Global Aggregate Float-Adjusted and Scaled,LHMN34611,,19.250000000
20250821,LSE40,40,LSETF 40% Benchmark,LSE40_LHMN21140,Vanguard USD Treasury Bond UCITS ETF,Bloomberg Global Aggregate - US Treasury Float Adjusted,LHMN21140,13383929.763870999,15.018971621
20250821,LSE40,40,LSETF 40% Benchmark,LSE40_LHMN9913,Vanguard USD Corporate Bond UCITS ETF,Bloomberg Global Aggregate Corporate - United States Dollar,LHMN9913,8782719.665023999,9.855656727
20250821,LSE40,40,LSETF 40% Benchmark,LSE40_LHMN21153,Vanguard UK Gilt UCITS ETF,Bloomberg Gilts Float Adjusted,LHMN21153,1665438.206906000,1.868895728
20250821,LSE40,40,LSETF 40% Benchmark,LSE40_LHMN2004,Vanguard EUR Eurozone Government Bond UCITS ETF,Bloomberg Euro Aggregate Government - Treasury,LHMN2004,9138954.134945670,10.255410423
20250821,LSE40,40,LSETF 40% Benchmark,LSE40_LHMN2002,Vanguard EUR Corporate Bond UCITS ETF,Bloomberg Euro Aggregate Credit - Corporate,LHMN2002,3342705.377819240,3.751065501
20250821,LSE40,40,LSETF 40% Benchmark,LSE40_I00010,Vanguard FTSE All-World UCITS ETF,FTSE All-World,I00010,87560782.439821005,19.250000000
20250821,LSE40,40,LSETF 40% Benchmark,LSE40_I01018,Vanguard FTSE Developed World UCITS ETF,FTSE All-World Developed,I01018,78748805.607554004,18.661753251
20250821,LSE40,40,LSETF 40% Benchmark,LSE40_I01270,Vanguard FTSE Emerging Markets UCITS ETF,FTSE All-World Emerging,I01270,8811976.832266999,2.088246749
20250821,LSE40,40,LSETF 40% Benchmark,LSE40_I00586,Vanguard FTSE North America UCITS ETF,FTSE All-World North America,I00586,57300667.070952997,0.000000000
20250821,LSE40,40,LSETF 40% Benchmark,LSE40_I27049,Vanguard FTSE Developed Europe UCITS ETF,FTSE All-World Developed Europe,I27049,12900321.198573999,0.000000000
20250821,LSE40,40,LSETF 40% Benchmark,LSE40_I26152,Vanguard FTSE Developed Asia Pacific ex Japan UCITS ETF,FTSE All-World Developed Asia Pacific x JP,I26152,3273425.566649000,0.000000000
20250821,LSE40,40,LSETF 40% Benchmark,LSE40_180948,Vanguard FTSE Japan UCITS ETF,FTSE Japan,180948,5093057.828239000,0.000000000
20250821,LSE40,40,LSETF 40% Benchmark,LSE40_SP50,Vanguard S&P 500 UCITS ETF,S&P 500,SP50,53995577.883693300,0.000000000
20250821,LSE20,20,LSETF 20% Benchmark,LSE20_LHMN34611 ,Vanguard Global Aggregate Bond UCITS ETF,Bloomberg Global Aggregate Float-Adjusted and Scaled,LHMN34611,,19.250000000
20250821,LSE20,20,LSETF 20% Benchmark,LSE20_LHMN21140,Vanguard USD Treasury Bond UCITS ETF,Bloomberg Global Aggregate - US Treasury Float Adjusted,LHMN21140,13383929.763870999,19.250000000
20250821,LSE20,20,LSETF 20% Benchmark,LSE20_LHMN9913,Vanguard USD Corporate Bond UCITS ETF,Bloomberg Global Aggregate Corporate - United States Dollar,LHMN9913,8782719.665023999,15.895585210
20250821,LSE20,20,LSETF 20% Benchmark,LSE20_LHMN21153,Vanguard UK Gilt UCITS ETF,Bloomberg Gilts Float Adjusted,LHMN21153,1665438.206906000,3.014227476
20250821,LSE20,20,LSETF 20% Benchmark,LSE20_LHMN2004,Vanguard EUR Eurozone Government Bond UCITS ETF,Bloomberg Euro Aggregate Government - Treasury,LHMN2004,9138954.134945670,16.540323468
20250821,LSE20,20,LSETF 20% Benchmark,LSE20_LHMN2002,Vanguard EUR Corporate Bond UCITS ETF,Bloomberg Euro Aggregate Credit - Corporate,LHMN2002,3342705.377819240,6.049863845
20250821,LSE20,20,LSETF 20% Benchmark,LSE20_I00010,Vanguard FTSE All-World UCITS ETF,FTSE All-World,I00010,87560782.439821005,19.250000000
20250821,LSE20,20,LSETF 20% Benchmark,LSE20_I01018,Vanguard FTSE Developed World UCITS ETF,FTSE All-World Developed,I01018,78748805.607554004,0.674521202
20250821,LSE20,20,LSETF 20% Benchmark,LSE20_I01270,Vanguard FTSE Emerging Markets UCITS ETF,FTSE All-World Emerging,I01270,8811976.832266999,0.075478798
20250821,LSE20,20,LSETF 20% Benchmark,LSE20_I00586,Vanguard FTSE North America UCITS ETF,FTSE All-World North America,I00586,57300667.070952997,0.000000000
20250821,LSE20,20,LSETF 20% Benchmark,LSE20_I27049,Vanguard FTSE Developed Europe UCITS ETF,FTSE All-World Developed Europe,I27049,12900321.198573999,0.000000000
20250821,LSE20,20,LSETF 20% Benchmark,LSE20_I26152,Vanguard FTSE Developed Asia Pacific ex Japan UCITS ETF,FTSE All-World Developed Asia Pacific x JP,I26152,3273425.566649000,0.000000000
20250821,LSE20,20,LSETF 20% Benchmark,LSE20_180948,Vanguard FTSE Japan UCITS ETF,FTSE Japan,180948,5093057.828239000,0.000000000
20250821,LSE20,20,LSETF 20% Benchmark,LSE20_SP50,Vanguard S&P 500 UCITS ETF,S&P 500,SP50,53995577.883693300,0.000000000
