Date,Fund ID,Equity Allocation,Fund Benchmark,Benchmark ID,Fund Description,Benchmark Description,Currency,SEDOL,MIC,symbol,MarketCapIndex,Weight
20251020,LSE80,80,LSETF 80% Benchmark,LSE80_LHMN34611 ,Vanguard Global Aggregate Bond UCITS ETF,Bloomberg Global Aggregate Float-Adjusted and Scaled,,,,LHMN34611,1.000000000,19.250000000
20251020,LSE80,80,LSETF 80% Benchmark,LSE80_LHMN21140,Vanguard USD Treasury Bond UCITS ETF,Bloomberg Global Aggregate - US Treasury Float Adjusted,,,,LHMN21140,13926204.920479000,0.278963647
20251020,LSE80,80,LSETF 80% Benchmark,LSE80_LHMN9913,Vanguard USD Corporate Bond UCITS ETF,Bloomberg Global Aggregate Corporate - United States Dollar,,,,LHMN9913,9032437.854871999,0.180933845
20251020,LSE80,80,LSETF 80% Benchmark,LSE80_LHMN21153,Vanguard UK Gilt UCITS ETF,Bloomberg Gilts Float Adjusted,,,,LHMN21153,1739766.115883000,0.034850234
20251020,LSE80,80,LSETF 80% Benchmark,LSE80_LHMN2004,Vanguard EUR Eurozone Government Bond UCITS ETF,Bloomberg Euro Aggregate Government - Treasury,,,,LHMN2004,9370771.342122629,0.187711193
20251020,LSE80,80,LSETF 80% Benchmark,LSE80_LHMN2002,Vanguard EUR Corporate Bond UCITS ETF,Bloomberg Euro Aggregate Credit - Corporate,,,,LHMN2002,3371732.994905790,0.067541081
20251020,LSE80,80,LSETF 80% Benchmark,LSE80_I00010,Vanguard FTSE All-World UCITS ETF,FTSE All-World,,,,I00010,1.000000000,19.250000000
20251020,LSE80,80,LSETF 80% Benchmark,LSE80_I01018,Vanguard FTSE Developed World UCITS ETF,FTSE All-World Developed,,,,I01018,82983084.154914007,19.250000000
20251020,LSE80,80,LSETF 80% Benchmark,LSE80_I01270,Vanguard FTSE Emerging Markets UCITS ETF,FTSE All-World Emerging,,,,I01270,9548241.206347000,6.268749000
20251020,LSE80,80,LSETF 80% Benchmark,LSE80_I00586,Vanguard FTSE North America UCITS ETF,FTSE All-World North America,,,,I00586,60622295.669308998,19.250000000
20251020,LSE80,80,LSETF 80% Benchmark,LSE80_I27049,Vanguard FTSE Developed Europe UCITS ETF,FTSE All-World Developed Europe,,,,I27049,13240178.288838999,5.635776268
20251020,LSE80,80,LSETF 80% Benchmark,LSE80_I26152,Vanguard FTSE Developed Asia Pacific ex Japan UCITS ETF,FTSE All-World Developed Asia Pacific x JP,,,,I26152,3583084.967362000,1.525165657
20251020,LSE80,80,LSETF 80% Benchmark,LSE80_180948,Vanguard FTSE Japan UCITS ETF,FTSE Japan,,,,180948,5323526.011958000,2.265996794
20251020,LSE80,80,LSETF 80% Benchmark,LSE80_SP50,Vanguard S&P 500 UCITS ETF,S&P 500,,,,SP50,57446647.780847199,6.554312281
20251020,LSE60,60,LSETF 60% Benchmark,LSE60_LHMN34611 ,Vanguard Global Aggregate Bond UCITS ETF,Bloomberg Global Aggregate Float-Adjusted and Scaled,,,,LHMN34611,1.000000000,19.250000000
20251020,LSE60,60,LSETF 60% Benchmark,LSE60_LHMN21140,Vanguard USD Treasury Bond UCITS ETF,Bloomberg Global Aggregate - US Treasury Float Adjusted,,,,LHMN21140,13926204.920479000,7.717994226
20251020,LSE60,60,LSETF 60% Benchmark,LSE60_LHMN9913,Vanguard USD Corporate Bond UCITS ETF,Bloomberg Global Aggregate Corporate - United States Dollar,,,,LHMN9913,9032437.854871999,5.005836379
20251020,LSE60,60,LSETF 60% Benchmark,LSE60_LHMN21153,Vanguard UK Gilt UCITS ETF,Bloomberg Gilts Float Adjusted,,,,LHMN21153,1739766.115883000,0.964189807
20251020,LSE60,60,LSETF 60% Benchmark,LSE60_LHMN2004,Vanguard EUR Eurozone Government Bond UCITS ETF,Bloomberg Euro Aggregate Government - Treasury,,,,LHMN2004,9370771.342122629,5.193343019
20251020,LSE60,60,LSETF 60% Benchmark,LSE60_LHMN2002,Vanguard EUR Corporate Bond UCITS ETF,Bloomberg Euro Aggregate Credit - Corporate,,,,LHMN2002,3371732.994905790,1.868636569
20251020,LSE60,60,LSETF 60% Benchmark,LSE60_I00010,Vanguard FTSE All-World UCITS ETF,FTSE All-World,,,,I00010,1.000000000,19.250000000
20251020,LSE60,60,LSETF 60% Benchmark,LSE60_I01018,Vanguard FTSE Developed World UCITS ETF,FTSE All-World Developed,,,,I01018,82983084.154914007,19.250000000
20251020,LSE60,60,LSETF 60% Benchmark,LSE60_I01270,Vanguard FTSE Emerging Markets UCITS ETF,FTSE All-World Emerging,,,,I01270,9548241.206347000,4.204963321
20251020,LSE60,60,LSETF 60% Benchmark,LSE60_I00586,Vanguard FTSE North America UCITS ETF,FTSE All-World North America,,,,I00586,60622295.669308998,12.667348298
20251020,LSE60,60,LSETF 60% Benchmark,LSE60_I27049,Vanguard FTSE Developed Europe UCITS ETF,FTSE All-World Developed Europe,,,,I27049,13240178.288838999,2.766605059
20251020,LSE60,60,LSETF 60% Benchmark,LSE60_I26152,Vanguard FTSE Developed Asia Pacific ex Japan UCITS ETF,FTSE All-World Developed Asia Pacific x JP,,,,I26152,3583084.967362000,0.748704495
20251020,LSE60,60,LSETF 60% Benchmark,LSE60_180948,Vanguard FTSE Japan UCITS ETF,FTSE Japan,,,,180948,5323526.011958000,1.112378827
20251020,LSE60,60,LSETF 60% Benchmark,LSE60_SP50,Vanguard S&P 500 UCITS ETF,S&P 500,,,,SP50,57446647.780847199,0.000000000
20251020,LSE40,40,LSETF 40% Benchmark,LSE40_LHMN34611 ,Vanguard Global Aggregate Bond UCITS ETF,Bloomberg Global Aggregate Float-Adjusted and Scaled,,,,LHMN34611,1.000000000,19.250000000
20251020,LSE40,40,LSETF 40% Benchmark,LSE40_LHMN21140,Vanguard USD Treasury Bond UCITS ETF,Bloomberg Global Aggregate - US Treasury Float Adjusted,,,,LHMN21140,13926204.920479000,15.157024805
20251020,LSE40,40,LSETF 40% Benchmark,LSE40_LHMN9913,Vanguard USD Corporate Bond UCITS ETF,Bloomberg Global Aggregate Corporate - United States Dollar,,,,LHMN9913,9032437.854871999,9.830738912
20251020,LSE40,40,LSETF 40% Benchmark,LSE40_LHMN21153,Vanguard UK Gilt UCITS ETF,Bloomberg Gilts Float Adjusted,,,,LHMN21153,1739766.115883000,1.893529380
20251020,LSE40,40,LSETF 40% Benchmark,LSE40_LHMN2004,Vanguard EUR Eurozone Government Bond UCITS ETF,Bloomberg Euro Aggregate Government - Treasury,,,,LHMN2004,9370771.342122629,10.198974845
20251020,LSE40,40,LSETF 40% Benchmark,LSE40_LHMN2002,Vanguard EUR Corporate Bond UCITS ETF,Bloomberg Euro Aggregate Credit - Corporate,,,,LHMN2002,3371732.994905790,3.669732058
20251020,LSE40,40,LSETF 40% Benchmark,LSE40_I00010,Vanguard FTSE All-World UCITS ETF,FTSE All-World,,,,I00010,1.000000000,19.250000000
20251020,LSE40,40,LSETF 40% Benchmark,LSE40_I01018,Vanguard FTSE Developed World UCITS ETF,FTSE All-World Developed,,,,I01018,82983084.154914007,18.608822358
20251020,LSE40,40,LSETF 40% Benchmark,LSE40_I01270,Vanguard FTSE Emerging Markets UCITS ETF,FTSE All-World Emerging,,,,I01270,9548241.206347000,2.141177642
20251020,LSE40,40,LSETF 40% Benchmark,LSE40_I00586,Vanguard FTSE North America UCITS ETF,FTSE All-World North America,,,,I00586,60622295.669308998,0.000000000
20251020,LSE40,40,LSETF 40% Benchmark,LSE40_I27049,Vanguard FTSE Developed Europe UCITS ETF,FTSE All-World Developed Europe,,,,I27049,13240178.288838999,0.000000000
20251020,LSE40,40,LSETF 40% Benchmark,LSE40_I26152,Vanguard FTSE Developed Asia Pacific ex Japan UCITS ETF,FTSE All-World Developed Asia Pacific x JP,,,,I26152,3583084.967362000,0.000000000
20251020,LSE40,40,LSETF 40% Benchmark,LSE40_180948,Vanguard FTSE Japan UCITS ETF,FTSE Japan,,,,180948,5323526.011958000,0.000000000
20251020,LSE40,40,LSETF 40% Benchmark,LSE40_SP50,Vanguard S&P 500 UCITS ETF,S&P 500,,,,SP50,57446647.780847199,0.000000000
20251020,LSE20,20,LSETF 20% Benchmark,LSE20_LHMN34611 ,Vanguard Global Aggregate Bond UCITS ETF,Bloomberg Global Aggregate Float-Adjusted and Scaled,,,,LHMN34611,1.000000000,19.250000000
20251020,LSE20,20,LSETF 20% Benchmark,LSE20_LHMN21140,Vanguard USD Treasury Bond UCITS ETF,Bloomberg Global Aggregate - US Treasury Float Adjusted,,,,LHMN21140,13926204.920479000,19.250000000
20251020,LSE20,20,LSETF 20% Benchmark,LSE20_LHMN9913,Vanguard USD Corporate Bond UCITS ETF,Bloomberg Global Aggregate Corporate - United States Dollar,,,,LHMN9913,9032437.854871999,15.940923701
20251020,LSE20,20,LSETF 20% Benchmark,LSE20_LHMN21153,Vanguard UK Gilt UCITS ETF,Bloomberg Gilts Float Adjusted,,,,LHMN21153,1739766.115883000,3.070431190
20251020,LSE20,20,LSETF 20% Benchmark,LSE20_LHMN2004,Vanguard EUR Eurozone Government Bond UCITS ETF,Bloomberg Euro Aggregate Government - Treasury,,,,LHMN2004,9370771.342122629,16.538032520
20251020,LSE20,20,LSETF 20% Benchmark,LSE20_LHMN2002,Vanguard EUR Corporate Bond UCITS ETF,Bloomberg Euro Aggregate Credit - Corporate,,,,LHMN2002,3371732.994905790,5.950612589
20251020,LSE20,20,LSETF 20% Benchmark,LSE20_I00010,Vanguard FTSE All-World UCITS ETF,FTSE All-World,,,,I00010,1.000000000,19.250000000
20251020,LSE20,20,LSETF 20% Benchmark,LSE20_I01018,Vanguard FTSE Developed World UCITS ETF,FTSE All-World Developed,,,,I01018,82983084.154914007,0.672608037
20251020,LSE20,20,LSETF 20% Benchmark,LSE20_I01270,Vanguard FTSE Emerging Markets UCITS ETF,FTSE All-World Emerging,,,,I01270,9548241.206347000,0.077391963
20251020,LSE20,20,LSETF 20% Benchmark,LSE20_I00586,Vanguard FTSE North America UCITS ETF,FTSE All-World North America,,,,I00586,60622295.669308998,0.000000000
20251020,LSE20,20,LSETF 20% Benchmark,LSE20_I27049,Vanguard FTSE Developed Europe UCITS ETF,FTSE All-World Developed Europe,,,,I27049,13240178.288838999,0.000000000
20251020,LSE20,20,LSETF 20% Benchmark,LSE20_I26152,Vanguard FTSE Developed Asia Pacific ex Japan UCITS ETF,FTSE All-World Developed Asia Pacific x JP,,,,I26152,3583084.967362000,0.000000000
20251020,LSE20,20,LSETF 20% Benchmark,LSE20_180948,Vanguard FTSE Japan UCITS ETF,FTSE Japan,,,,180948,5323526.011958000,0.000000000
20251020,LSE20,20,LSETF 20% Benchmark,LSE20_SP50,Vanguard S&P 500 UCITS ETF,S&P 500,,,,SP50,57446647.780847199,0.000000000
